{
  "factscore": 0.33879756758277485,
  "hotpotqa": 0.2914522605919766,
  "popqa": 0.40921300029334623,
  "medication": 0.34910269269522354
}