{
  "factscore": 0.39091938697199985,
  "hotpotqa": 0.36332783816995606,
  "popqa": 0.44601868845546233,
  "medication": 0.3838819273567584
}