{
  "factscore": 0.21409671791501841,
  "hotpotqa": 0.240708460627586,
  "popqa": 0.38465031758547036,
  "medication": 0.3316035512789936
}