{
  "factscore": 0.4915022895072855,
  "hotpotqa": 0.4460373332269507,
  "popqa": 0.5055702475100083,
  "medication": 0.44290459498505674
}