{
  "factscore": 0.4923605690002441,
  "hotpotqa": 0.44544156713485716,
  "popqa": 0.5051584532320499,
  "medication": 0.44275865981578827
}