{
  "factscore": 0.5497969233446223,
  "hotpotqa": 0.48245346442091136,
  "popqa": 0.5375515389835934,
  "medication": 0.47478350376566697
}