{
  "factscore": -1,
  "hotpotqa": 0.2406860802948475,
  "popqa": 0.38538806211948395,
  "medication": 0.33108295994102954
}