{
  "factscore": 0.4731754397062549,
  "hotpotqa": 0.42118343730571395,
  "popqa": 0.48398603736653983,
  "medication": 0.4170764051299628
}