{
  "factscore": 0.3558551755193545,
  "hotpotqa": 0.33429554632417546,
  "popqa": 0.4292855114479298,
  "medication": 0.3698052406097888
}