{
  "factscore": 0.35657741124629977,
  "hotpotqa": 0.36464343011379236,
  "popqa": 0.44659604117870333,
  "medication": 0.38305676765441893
}