{
  "factscore": 0.5503529674530029,
  "hotpotqa": 0.48142255400419237,
  "popqa": 0.5380882787704467,
  "medication": 0.4730227948665619
}