{
  "factscore": 0.47354012131690976,
  "hotpotqa": 0.42119847863912585,
  "popqa": 0.4821074346423149,
  "medication": 0.41661674065589904
}