{
  "factscore": -1,
  "hotpotqa": 0.10989396011197027,
  "popqa": 0.34569652037477183,
  "medication": 0.3078374631034118
}