{
  "factscore": 0.33718576362133024,
  "hotpotqa": 0.33332651302218436,
  "popqa": 0.4282424678087235,
  "medication": 0.36975642900466915
}