{
  "factscore": 0.42709347235720135,
  "hotpotqa": 0.39317892857479253,
  "popqa": 0.4648514796016591,
  "medication": 0.39966333292007183
}