{
    "Alright so I dont know much about Lexapro would you tell me more about it?": 0.21404259595870972,
    "Also what is the oral option to get rid of scabies?": 0.21439511119127272,
    "Am I contagious with respiratory infection?": 0.16145130969882013,
    "And how does Genital herpes and HPV differ?": 0.21439511119127272,
    "And is there any way I can get some medicine for a cold sore and a mouth ulcer that is killing me": 0.2298834124445915,
    "And what could be causing the white tongue?": 0.2641075111091137,
    "And what happens if I miss a dose of Saxenda?": 0.2298834124445915,
    "Any thoughts on a mild muscle relaxant?": 0.18247160655260086,
    "Any thoughts on taking activated charcoal to help w stomach bug?": 0.18247160655260086,
    "Anything I can do for the congestion?": 0.21439511119127272,
    "Are lutein and omega 3 good for vision ?": 0.20924552914202213,
    "Are the stomach flu and the flu the same thing?": 0.21439511119127272,
    "Are there any side affects from using Robaxin?": 0.23348787326812745,
    "Are there more than one type of nausea medication?": 0.2298834124445915,
    "Are there other medications similar to the buspirone?": 0.23348787326812745,
    "Back pain could be because Im starting my cycle in 2 days but I dont know?": 0.20924552914202213,
    "Because I have a fatty liver, can I safely take Imodium?": 0.21404259595870972,
    "Benadryl makes me super sleepy can I take like Claritin during the day?": 0.23348787326812745,
    "But is testicular pain not a symptom of chlamydia?": 0.20924552914202213,
    "But what is colchicine": 0.16145130969882013,
    "Can Clindamyam be used to treat a UTI": 0.2298834124445915,
    "Can I take Zyrtec and benedryl at the same time?": 0.23348787326812745,
    "Can I take anything with the antibiotic like pepto bismol or Tylenol as needed?": 0.20924552914202213,
    "Can I take nyquil and benedryl at the same time?": 0.23348787326812745,
    "Can a nausea prescription be taken at the same time as Dramamine?": 0.21404259595870972,
    "Can diabetics eat sweets?": 0.2641075111091137,
    "Can i take the painkiller and the antibiotics at the same time or wait hours in between ?": 0.2298834124445915,
    "Can sinus infections cause neck pain and neck vein distention?": 0.20583420535326002,
    "Can you provide a short term solution that is designed for insomnia?": 0.2298834124445915,
    "Can you suggest something in addition that is natural that could help with anxiety?": 0.20583420535326002,
    "Can't you recommend me an antibiotic for sinusitis?": 0.23348787326812745,
    "Corticosteroid is the same as clobetasol?": 0.20924552914202213,
    "Could diabetes be so fast and onset?": 0.2298834124445915,
    "Could esophagitis could like muscle stiffness in the neck when swallowing?": 0.2298834124445915,
    "Could you tell me about the success rate of Sertraline for Premature Ejaculation": 0.21404259595870972,
    "Depression has relation with memory loss?": 0.2298834124445915,
    "Do I need to get test results before starting treatment for either chylamdia or the ghonerrea": 0.20924552914202213,
    "Do bananas help with diarrhea?": 0.20583420535326002,
    "Do cheap socks cause problems?": 0.21439511119127272,
    "Do fissures and hemmroids heal on their own?": 0.2641075111091137,
    "Do migraines always come with headaches because I dont have a headache right now": 0.23348787326812745,
    "Do you recommend anything to avoid these migraines?": 0.20924552914202213,
    "Doe the buspar cause sleepiness?": 0.20583420535326002,
    "Does Allopurinal affect fertility?": 0.20583420535326002,
    "Does a migraine last for days at a time?": 0.2298834124445915,
    "Does bronchitis turn into pneumonia?": 0.21439511119127272,
    "Does herpes have rectal discharge?": 0.21439511119127272,
    "Does hydroxyzine have any affect on metabolism or weight gain?": 0.2298834124445915,
    "Does low thyroid contribute to weight gain?": 0.21404259595870972,
    "Does metformin generally work pretty well?": 0.21404259595870972,
    "Does the CMP test or perhaps another test determine if I have or liked to get diabetes?": 0.20583420535326002,
    "Does the bacteria determine the antibiotic?": 0.21439511119127272,
    "Engorged breast can cause chills?": 0.2777986580252647,
    "For instance, to check for Epididymitis, is it a urine test?": 0.23348787326812745,
    "Gabapentin isnt a controlled substance?": 0.21404259595870972,
    "How am I supposed to put ointment on my nipple if it's pierced": 0.23348787326812745,
    "How could I be the only person in the house with a viral infection?": 0.2833167607784271,
    "How do I know if its a canker sore versus herpes": 0.2777986580252647,
    "How do I measure blood pressure?": 0.2641075111091137,
    "How do I prevent post nasal drip?": 0.2298834124445915,
    "How do you get otitis externa?": 0.2750377460718155,
    "How is HRV different from heart rate?": 0.2905863338112831,
    "How is PID treated?": 0.20924552914202213,
    "How is saxenda different from Ozempic": 0.23348787326812745,
    "How long do I need to wait before starting naproxen since I took ibuprofen this morning?": 0.2641075111091137,
    "How long do shin splints last": 0.18247160655260086,
    "How long does it take to notice the effects of Wellbutrin?": 0.2750377460718155,
    "How long does this years flu usually last?": 0.20924552914202213,
    "How long would I be on Saxenda before I could move to the next dose?": 0.2298834124445915,
    "How many pills of ibuprofen can I take?": 0.23348787326812745,
    "How much melatonin should i take at night?": 0.21439511119127272,
    "I am a 33 years old female with right lower abdominal pain , what could it be?": 0.20924552914202213,
    "I am a healthy adult but my ALT is elevated can this also cause diarrhea?": 0.20924552914202213,
    "I am a young healthy adult, flying to Brazil next month. What vaccination should I take?": 0.20583420535326002,
    "I am only 22 so am I not a bit young to have an enlarged prostate?": 0.2777986580252647,
    "I believe Mounjaro is fda approved now?": 0.23348787326812745,
    "I dont believe the hydroxyzine is supposed to cure the poison Ivy, but maybe you could shed some light on that?": 0.2641075111091137,
    "I have a fear of needles is there a way around the thyroid test?": 0.23348787326812745,
    "I have a question, can you be diagnosed with shingles more than once?": 0.20924552914202213,
    "I have gout and my doctor told me to take colchicine, how should I take it?": 0.21404259595870972,
    "I have one question If I take a probiotic Should it be taken at a different time of the antibiotic?": 0.23348787326812745,
    "I started taking lisinopril yesterday. Should my blood pressure be normal by now?": 0.23348787326812745,
    "I was going to get some hydrocortisone cream but i read online its not safe to to apply on face?": 0.2833167607784271,
    "If I took trazodone when would be the best time to take it?": 0.20924552914202213,
    "If it was Bv wouldnt the metrogel have worked?": 0.21404259595870972,
    "If the muscle aches continue without exercising, should I be concerned?": 0.23348787326812745,
    "If the side effects of the Prozac become too much is there a wean down period I would have to go through or would I be able to stop it immediately?": 0.21404259595870972,
    "If this is just muscle strain, how many days should I expect the pain to go away?": 0.2641075111091137,
    "Im confused what creatinine?": 0.20924552914202213,
    "In any case, is a product like abreva still good to use for cold sore treatment?": 0.2298834124445915,
    "In case it does turn out to be fungal, would it be bad to pick up an OTC anti-fungal like Tinactin to apply to the area or would that be a bad idea?": 0.21439511119127272,
    "Is Augmentin the same thing as Amoxcicilin?": 0.2641075111091137,
    "Is Buspar a good medicine to take with the Zoloft?": 0.2298834124445915,