{
  "easy_medlfqav2": 0.34205797424316403,
  "medium_medlfqav2": 0.32991929915547374,
  "hard_medlfqav2": 0.32301350220441816
}