{
  "easy_medlfqav2": 0.3873766815662384,
  "medium_medlfqav2": 0.3698584196329117,
  "hard_medlfqav2": 0.36815264706611633
}