{
  "easy_medlfqav2": 0.43996423864364625,
  "medium_medlfqav2": 0.4096206824183464,
  "hard_medlfqav2": 0.4120966520190239
}