{
  "easy_medlfqav2": 0.28514055311679837,
  "medium_medlfqav2": 0.2767287198543549,
  "hard_medlfqav2": 0.2778002490103245
}