{
  "easy_medlfqav2": 0.19783141378164293,
  "medium_medlfqav2": -1,
  "hard_medlfqav2": 0.1789082932651043
}