{
  "healthsearch_qa": 0.36815264706611633,
  "kqa_golden": 0.3849841856956482,
  "kqa_silver_wogold": 0.37540110196471216,
  "live_qa": 0.41784759029746055,
  "medication_qa": 0.3891158183097839
}