{
  "healthsearch_qa": 0.4114893894672394,
  "kqa_golden": 0.43996423864364625,
  "kqa_silver_wogold": 0.42449640506505965,
  "live_qa": 0.46763020128011706,
  "medication_qa": 0.45352523553371427
}