{
  "healthsearch_qa": 0.15405655195713044,
  "kqa_golden": 0.2298834124445915,
  "kqa_silver_wogold": -1,
  "live_qa": 0.32004372227191924,
  "medication_qa": 0.2570800420999527
}