{
  "healthsearch_qa": 0.28126441860198975,
  "kqa_golden": 0.3029909068822861,
  "kqa_silver_wogold": 0.19288796281814577,
  "live_qa": 0.35825762815475465,
  "medication_qa": 0.3024327527523041
}