{
  "healthsearch_qa": 0.3289095401108265,
  "kqa_golden": 0.355233447933197,
  "kqa_silver_wogold": 0.2929956260204315,
  "live_qa": 0.39051901755332946,
  "medication_qa": 0.3431360898971557
}