{
  "healthsearch_qa": -1,
  "kqa_golden": -1,
  "kqa_silver_wogold": -1,
  "live_qa": 0.26517446138858797,
  "medication_qa": 0.19638663966953757
}