{
  "factscore": -1,
  "hotpotqa": 0.2854981990453701,
  "popqa": -1,
  "medication": 0.32001218809445436
}