{
  "factscore": 0.3844874697736251,
  "hotpotqa": 0.3628516914455563,
  "popqa": 0.3995508007523786,
  "medication": 0.37980078912629284
}