{
  "factscore": 0.34435806316420053,
  "hotpotqa": 0.3241573858566279,
  "popqa": 0.344836782413254,
  "medication": 0.3511843705521274
}