{
  "factscore": 0.42828392561078077,
  "hotpotqa": 0.39214431554079054,
  "popqa": 0.46531984233856205,
  "medication": 0.40016204738616945
}