{
  "factscore": -1,
  "hotpotqa": 0.29139858058691026,
  "popqa": 0.40893901319503784,
  "medication": 0.34917443717122076
}