{
  "factscore": -1,
  "hotpotqa": 0.11003548528552057,
  "popqa": 0.34539649765491487,
  "medication": 0.3086087648391723
}