{
  "factscore": 0.5512087536149459,
  "hotpotqa": 0.42023057258899593,
  "popqa": 0.4479343489840149,
  "medication": 0.4201190248059013
}