{
  "factscore": -1,
  "hotpotqa": 0.19768744973160993,
  "popqa": -1,
  "medication": 0.28183210400993347
}